leverage_state,n,realized_vol_30d_median,abs_return_next_day_mean,bottom5_rate,same_day_liq_to_lag_oi_pct_median,same_day_liq_to_lag_mcap_bps_median,funding_z_lag1_median
Q1 low,453,0.636066014467206,0.027630791762682825,0.0706401766004415,0.4889043345239811,0.5881607018983024,-0.38780710351049547
Q2,452,0.48294888688091137,0.022018234419970837,0.035398230088495575,0.4386536230432008,0.6310381869431341,-0.028174799291990824
Q3,452,0.48208965262957837,0.018906456740867755,0.0420353982300885,0.37199207699541625,0.5691467927892127,-0.07138516890493457
Q4,452,0.4480688648010392,0.017422952667418782,0.028761061946902654,0.4066456571348843,0.6202859278257015,0.024069166997882772
Q5 high,453,0.5798830154772647,0.022336281793817175,0.0772626931567329,0.5056991191271267,0.8479990706185011,0.16830187306483485
