metric,pre_btc_etf_mean,btc_etf_era_mean,delta,snapshots_pre,snapshots_post
btc_eth_share_full_top100,0.6726599443095852,0.6953583907077772,0.022698446398191963,48,30
top10_share_full_top100,0.8567928308836574,0.8865841623387613,0.02979133145510382,48,30
stable_like_share_full_top100,0.08408663788576186,0.08508928154809012,0.0010026436623282592,48,30
productized_share_full_top100,0.009019397597074156,0.02835269272623683,0.019333295129162674,48,30
clean_risk_share_full_top100,0.906893964517164,0.886558025725673,-0.02033593879149098,48,30
