cycle_phase,snapshots,mean_clean_risk_entrants,mean_clean_risk_exits,mean_clean_risk_avg_abs_rank_change,mean_top10_share_full_top100,mean_clean_risk_share_full_top100
btc_etf_era_pre_2024_halving,3,8.0,8.0,7.688815080820691,0.870382817733236,0.9122366035389503
eth_etf_era,24,7.708333333333333,7.708333333333333,5.070573817694378,0.8891809978270606,0.8793340000033876
post_2020_halving,44,7.7727272727272725,7.7727272727272725,5.880426071787565,0.8523932571370683,0.8995773094954926
post_2024_halving_pre_eth_etf,3,5.666666666666667,5.666666666666667,6.298732650804546,0.8820108230378912,0.9096922086656271
pre_2020_halving,4,29.75,4.75,5.306985434301837,0.9051881420961406,0.971718179449081
