mvrv_state_quintile,n,next_week_return_mean,next_day_return_mean,realized_vol_30d_median,future_30d_min_drawdown_median,funding_z_median,leverage_percentile_median
Q1 low,388,0.0034706523297767,0.0002415035857737,0.6332942801177086,-0.0618218583442377,-0.0799309329994722,0.9504953631255112
Q2,450,-0.0023558251529362,-0.0003575287168084,0.4424035833716699,-0.0613164765709838,-0.0686007153122022,0.7129310344827586
Q3,256,-0.001812800534119,0.0001051447527841,0.6265027334673763,-0.1046932602337172,-0.3980546408443108,0.7350534879600987
Q4,698,0.0067395912183841,0.0007356946470764,0.4842112319325624,-0.058423364169182,-0.1276115561446355,0.6923953040126161
Q5 high,464,0.0207882764892621,0.0034238911955611,0.5776477725510197,-0.0643445106741696,0.4375412903061659,0.761349587912088
