asset_i,asset_j,partial_correlation,n,control
ADA,BNB,0.239115739441263,563,BTC daily return
ADA,DOGE,0.554004843013845,563,BTC daily return
ADA,ETH,0.44315411169857,563,BTC daily return
ADA,HYPE,0.167113848447786,563,BTC daily return
ADA,SOL,0.479613021472954,563,BTC daily return
ADA,TON,0.316121717426863,563,BTC daily return
ADA,TRX,0.15666639779547,563,BTC daily return
ADA,XRP,0.588825726548597,563,BTC daily return
BNB,DOGE,0.318882361407497,563,BTC daily return
BNB,ETH,0.354821604045654,563,BTC daily return
BNB,HYPE,0.209320760756966,563,BTC daily return
BNB,SOL,0.318219593888268,563,BTC daily return
BNB,TON,0.313262612075826,563,BTC daily return
BNB,TRX,0.344798631518196,563,BTC daily return
BNB,XRP,0.138211665836894,563,BTC daily return
DOGE,ETH,0.550496462085396,563,BTC daily return
DOGE,HYPE,0.20344986832171,563,BTC daily return
DOGE,SOL,0.476641049979384,563,BTC daily return
DOGE,TON,0.351541859722753,563,BTC daily return
DOGE,TRX,0.0933785729082376,563,BTC daily return
DOGE,XRP,0.424362547425746,563,BTC daily return
ETH,HYPE,0.223317096603897,563,BTC daily return
ETH,SOL,0.431609818390226,563,BTC daily return
ETH,TON,0.29259103402152,563,BTC daily return
ETH,TRX,0.112448679793716,563,BTC daily return
ETH,XRP,0.275028752275514,563,BTC daily return
HYPE,SOL,0.24321194038311,563,BTC daily return
HYPE,TON,0.139792022646311,563,BTC daily return
HYPE,TRX,0.23080925471034,563,BTC daily return
HYPE,XRP,0.103021262489093,563,BTC daily return
SOL,TON,0.254468977076154,563,BTC daily return
SOL,TRX,0.163770033278621,563,BTC daily return
SOL,XRP,0.354009159814426,563,BTC daily return
TON,TRX,0.167337274201465,563,BTC daily return
TON,XRP,0.195476844940771,563,BTC daily return
TRX,XRP,0.0934154314581557,563,BTC daily return
