to,btc_ret,eth_ret,spy_ret,gld_ret,DGS10_d1,VIXCLS_d1,stables_total_usd_ret,defi_tvl_usd_ret
btc_ret,0.9949991147671171,0.0027373441298917402,0.0009387645714692309,8.246747641302074e-05,5.807876301858326e-05,0.0003825926500797427,0.0006068489012859341,0.00019478874072462063
eth_ret,0.6685340458371758,0.3281315415704226,0.00020253342301561464,0.00043977434180339384,9.516092283814044e-07,0.00031281619438802916,0.0023051674172806596,7.31696066854923e-05
spy_ret,0.11213986674024534,0.01659154114560994,0.8702192677368424,6.829511673371813e-05,0.00026037918218787653,8.781593315798316e-05,3.9176101802135887e-05,0.0005936580434205946
gld_ret,0.011126156055810275,0.0015975973353440798,0.0057577849579902255,0.9803853638021034,0.00043125251662929113,0.0005662601721247982,0.0001196760889277092,1.5909071070293124e-05
DGS10_d1,0.0012655703702004791,0.0014026959047106014,0.0055216392934857765,0.08017050309522296,0.9107956671479983,0.00011218530073084109,0.0007311982305411344,5.406571099273702e-07
VIXCLS_d1,0.10628686856256603,0.017692154804639194,0.48489021194601034,0.0005108155895165836,0.0010440981249538147,0.3894586150218754,6.636017493707445e-05,5.0875775501518725e-05
stables_total_usd_ret,0.03691571930414602,0.002293077539985327,0.0005885419826466112,0.0006601374564598559,0.00020051616121156938,0.0012865525568656736,0.9509260106598157,0.0071294443388691805
defi_tvl_usd_ret,0.46317815264280066,0.13267458390870968,0.0015871267562054786,0.0006056041944426702,0.0009372416476682317,0.000448019157765626,0.011907240521292209,0.3886620311711155
