to,btc_ret,eth_ret,spy_ret,VIXCLS_d1
btc_ret,0.99589457670419,0.002674427619391434,0.0010034195775992332,0.00042757609881933074
eth_ret,0.6702793557865686,0.3291810767754756,0.00021341829510845262,0.0003261491428473503
spy_ret,0.11083900161484586,0.016473498248630113,0.8726414108360957,4.608930042831313e-05
VIXCLS_d1,0.10590686238139095,0.01757146643724334,0.48521776497813435,0.39130390620323124
